"","hashtags","count","frequency"
"1","china",415125,0.0153039835286005
"2","lockdown",312886,0.0152644404320826
"3","stayhome",171063,0.0126543276698434
"4","hongkong",170621,0.011975116835536
"5","india",141446,0.0106179476631909
"6","trump",133854,0.0104492185228453
"7","pandemic",118684,0.00962158688056679
"8","covididiots",116798,0.00908363973268867
"9","breaking",107547,0.00787811207300836
"10","florida",101534,0.00773997962725353
"11","indiafightscorona",88059,0.00758708561831894
"12","iran",86515,0.00725329536241785
"13","hydroxychloroquine",84806,0.00717850344230707
"14","maga",81075,0.00699080792987595
"15","socialdistancing",80239,0.00682279450168452
"16","sarscov2",78141,0.00640043486670487
"17","staysafe",76263,0.006214797026717
"18","stayathome",71542,0.00596438723677673
"19","ccp",69467,0.00545453179094978
"20","trump2020",66668,0.0053296400200471
"21","taiwan",60969,0.0052349870876581
"22","breakingbreaking",59573,0.00520188540052773
"23","qanon",58515,0.00498600872202617
"24","who",58145,0.00492821496557693
"25","us",55732,0.00486505336797142
"26","naloto",55086,0.00440028778785719
"27","kag",54380,0.00438892585740974
"28","lockdownna",49185,0.0043635180759367
"29","warrington",49058,0.00430706627977653
"30","wwg1wga",48774,0.00426743371923936
"31","wuhan",48143,0.00423540560034025
"32","whitehouse",47700,0.00412339664821263
"33","veday75warrington",47342,0.00411552381451675
"34","nageorgefloyd",46090,0.00390268891267041
"35","obamagate",46002,0.00389454768691673
"36","cdnpoli",43623,0.00387665488306247
"37","stayalertna",43532,0.00383389108185081
"38","pakistan",43332,0.00380016314658554
"39","nhs",42854,0.00373843297328837
"40","exposecbs",42477,0.0037358385167295
"41","coronawarriors",41787,0.00366659336581354
"42","mentalhealth",41758,0.00358777556483556
"43","fauci",40984,0.00349857993762211
"44","auspol",40103,0.00343210817130356
"45","georgefloydna",39106,0.00341466268754566
"46","vaccine",38363,0.00337565637514339
"47","borisjohnson",38168,0.00331088442519099
"48","najusticeforfloyd",37732,0.00326427367115066
"49","kag2020",37008,0.00325613244539698
"50","stayhomesavelives",36487,0.00323636089713803
"51","tcot",36396,0.0032071956268556
"52","marr",36175,0.00317999856499713
"53","ai",35849,0.00313553494741931
"54","uk",35545,0.00308928204945607
"55","icantbreathe",35048,0.00302728348410108
"56","plandemic",34531,0.00301359548915258
"57","watch",33838,0.00300411230310982
"58","billgates",33685,0.00300303873487857
"59","quarantine",33579,0.00298013594594512
"60","fakenews",33567,0.0028513077581945
"61","nabreaking",33311,0.00284826598153928
"62","usa",31871,0.00283905118755434
"63","covidiots",31837,0.00280013433917134
"64","stayalert",31734,0.00279610845830413
"65","dominiccummings",31299,0.00274457718320388
"66","masks",31254,0.00274001451822105
"67","anonymous",30678,0.00273938827008615
"68","ppe",30627,0.00266414902987901
"69","nalockdown",30620,0.00262550057355383
"70","stayhomesavelivesna",29779,0.00262460593336111
"71","coronavirusuk",29347,0.00261333346693294
"72","bebrave",29337,0.00251331269338766
"73","health",29211,0.00248763651985681
"74","killercuomo",28093,0.00245229823224466
"75","cdc",27806,0.00242170153765389
"76","nachina",27411,0.00239996178097097
"77","covid19uk",27069,0.00237070704666926
"78","dogs",26826,0.0023674863419755
"79","stayhomena",26499,0.00235603494750878
"80","hapuscovid19",26463,0.00231103454581533
"81","blacklivesmatterna",26335,0.00228759497276626
"82","txlege",25832,0.00227041788106617
"83","standwithhongkongna",25570,0.0022566404220984
"84","nationalsecuritylaw",25378,0.00224456277949678
"85","historyrepeatingna",25224,0.0022242544471222
"86","odisha",25089,0.00216404516215264
"87","mothersday",24862,0.00216234534578649
"88","ramadan",24189,0.00214328950968171
"89","cdnpolina",24170,0.00212154975299879
"90","ridge",23957,0.00211698708801595
"91","georgefloyd",23714,0.00210320962904818
"92","healthcare",23663,0.00209488947525595
"93","auspolna",23509,0.00208925324204186
"94","wuhanvirus",23416,0.00208817967381061
"95","lockdownuk",23353,0.00208513789715538
"96","stayhomestaysafe",23341,0.00205704619510421
"97","chinana",23307,0.00205659887500785
"98","foxandfriends",22993,0.00204809979317708
"99","brexit",22988,0.00204684729690728
"100","resist",22893,0.00203145948559262
"101","takeresponsibility",22879,0.00200462027981125
"102","remdesivir",22707,0.00199701583817319
"103","trumpownseverydeath",22407,0.00199495816572995
"104","americafirst",22322,0.00198869568438096
"105","wha73",22299,0.00197974928245383
"106","trumpdeathtoll100kna",22229,0.00196293004683084
"107","ccpvirus",22129,0.00193456995272184
"108","socialdistanacing",21941,0.00192803907931504
"109","cnn",21624,0.00192499730265982
"110","vaccines",21551,0.00191846642925302
"111","standwithhongkong",21517,0.00187722351636896
"112","africa",21444,0.00185449965547406
"113","news",20983,0.00184850556618289
"114","economy",20729,0.00183660685161981
"115","naisthisthewaytobarnardcastle",20662,0.00181307781455147
"116","gujarat",20529,0.00181298835053219
"117","onpoli",20266,0.00179724268314045
"118","climatechange",20265,0.00179724268314045
"119","ccot",20089,0.00179393251442741
"120","cummings",20089,0.0017890119933675
"121","healthforall",20052,0.00177040347735907
"122","hongkonghongkong",19997,0.00176736170070385
"123","chinese",19789,0.00176029404318142
"124","worldpressfreedomday",19755,0.00174741122440636
"125","blacklivesmatter",19676,0.00174088035099955
"126","humanrights",19532,0.00171842488216247
"127","caa",19459,0.00171269918492911
"128","executiveorder",19208,0.00170339492692489
"129","indiafightscoronana",19144,0.00169874279792279
"130","turkey",19040,0.00169686405351809
"131","brazil",18988,0.00167512429683517
"132","hongkongna",18967,0.00166098898179031
"133","covid19india",18724,0.00163262888768132
"134","awaninews",18566,0.00161831464459792
"135","nwo",18249,0.00161241001932602
"136","kagna",18089,0.001596574887915
"137","hongkongchina",18023,0.00158619706167954
"138","education",17846,0.00157725065975241
"139","dobbsna",17730,0.00157071978634561
"140","eu",17630,0.00156222070451484
"141","france",17557,0.00155488465493459
"142","maharashtra",17462,0.00155461626287678
"143","constitutionovercoronavirusna",17380,0.0015505009179903
"144","heroesact",17377,0.00154092826792828
"145","lockdownextension",17331,0.00153878113146577
"146","delhi",17224,0.00152679295288342
"147","chinahongkong",17200,0.00152312492809329
"148","covid19pandemic",17066,0.00151954636732244
"149","australia",17025,0.00151695191076358
"150","hongkongprotests",16985,0.00150952639716406
"151","hongkongers",16956,0.00150183249150673
"152","facemask",16873,0.00149879071485151
"153","bbcqtna",16787,0.00148850235263531
"154","swasthabharat",16753,0.00148367129559467
"155","assamcovidcount",16638,0.00147937702266965
"156","inthistogether",16584,0.00147875077453475
"157","giveaway",16536,0.00147866131051548
"158","quarantinelife",16529,0.00147561953386025
"159","internationalnursesday",16528,0.00147007276466543
"160","chinavirus",16494,0.00146819402026074
"161","canada",16432,0.00146720991604875
"162","covid1948",16411,0.00145969493842997
"163","qanonna",16400,0.00145012228836794
"164","usnavy",16316,0.00144904872013669
"165","california",16209,0.00144824354396325
"166","business",16197,0.00143723946959288
"167","germany",16188,0.00142999288403191
"168","strongertogether",16065,0.00142856145972357
"169","chinachina",15984,0.0014278457475694
"170","mondaythoughts",15968,0.00142095701808551
"171","marrna",15960,0.00140780580725263
"172","nyc",15883,0.00140592706284794
"173","flattenthecurve",15736,0.00139966458149895
"174","txlegena",15715,0.00139841208522915
"175","eidmubarak",15645,0.00139742798101717
"176","liberty",15631,0.00137899839304729
"177","russia",15620,0.00137380947992955
"178","dogcatmeattrade",15414,0.00136736807054202
"179","dudukrumah",15356,0.00136593664623368
"180","wetmarkets",15284,0.00136110558919303
"181","nacostco",15268,0.00135994255694251
"182","mumbai",15214,0.00135260650736226
"183","cardiovascular",15201,0.00134491260170493
"184","wwg1wgaworldwide",15119,0.00134348117739659
"185","obamagatena",15033,0.00134088672083773
"186","migrantworkers",15017,0.00133954476054866
"187","xijinping",14988,0.00133310335116113
"188","trumpvirus",14973,0.0013300615745059
"189","unitedagainstcoronavirus",14901,0.00132836175813975
"190","report",14867,0.00132317284502202
"191","covidiot",14848,0.00131861018003918
"192","lockdown4",14790,0.00131619465151886
"193","naoann",14739,0.00130626414537975
"194","italy",14712,0.00130617468136048
"195","foxnews",14601,0.00130161201637764
"196","killercuomona",14600,0.00128810294946768
"197","beijing",14549,0.00128023011577181
"198","iot",14398,0.00127879869146347
"199","nhsna",14310,0.00127548852275043
"200","kayburley",14294,0.00127334138628792
"201","cats",14257,0.00127137317786395
"202","cybersecurity",14233,0.00126144267172484
"203","wuhancoronavirus",14211,0.00126099535162849
"204","srilanka",14100,0.00126027963947432
"205","icymi",14095,0.0012593849992816
"206","plagueofcorruption",14087,0.00125491179831804
"207","standwithhk",14077,0.00125294358989407
"208","ladakh",14027,0.00125106484548938
"209","ableg",14005,0.00124453397208257
"210","5g",13984,0.00124265522767788
"211","n95",13911,0.00124158165944662
"212","hcq",13890,0.00123845041877213
"213","memorialday",13878,0.00123531917809763
"214","banyulin",13843,0.00123433507388565
"215","chinesevirus",13808,0.00123433507388565
"216","nigeria",13797,0.00122690956028613
"217","publichealth",13797,0.00122163118314913
"218","michigan",13714,0.00121876833453245
"219","morningjoe",13655,0.00121760530228192
"220","physicaldistancing",13623,0.00120669069193083
"221","kashmir",13610,0.00120159124283237
"222","nathelastdance",13488,0.0011971180418688
"223","democrats",13431,0.00119470251334848
"224","newyork",13381,0.00119327108904014
"225","israel",13354,0.00118835056798022
"226","webinar",13338,0.00118235647868904
"227","wethepeople",13283,0.0011821775506505
"228","saturdaythoughts",13216,0.00117341007676192
"229","50swomen",13214,0.00116965258795252
"230","chloroquine",13116,0.00116857901972127
"231","love",13074,0.00116374796268062
"232","babetrayal",13062,0.00116312171454572
"233","update",13008,0.00115524888084985
"234","america",13001,0.0011541753126186
"235","indiafightscoronavirus",12913,0.0011491653275394
"236","lka",12901,0.00114782336725034
"237","voteredtosaveamerica",12845,0.00114594462284564
"238","bigdata",12830,0.00114397641442167
"239","tanzania",12809,0.00114173981393989
"240","yemen",12787,0.0011283202110492
"241","pandemicna",12762,0.00112805181899139
"242","foxnewsna",12612,0.00112000005725697
"243","nachinesevirus",12609,0.00111883702500645
"244","covid19ukna",12519,0.00111660042452466
"245","nastayhome",12506,0.00111507953619705
"246","maythe4th",12481,0.0011146322161007
"247","technology",12464,0.00111284293571527
"248","ccpchina",12459,0.00111230615159964
"249","mask",12439,0.00110863812680952
"250","indianarmy",12433,0.00109378709961049
"251","palestine",12392,0.00108985068276256
"252","newsnightna",12226,0.00108430391356774
"253","japan",12182,0.00107142109479268
"254","machinelearning",12120,0.00106757414196401
"255","fakenewsfakenews",11976,0.00106551646952077
"256","trumphasnoplanna",11933,0.00106005916434522
"257","saudiarabia",11910,0.00105594381945875
"258","onevoice1",11849,0.0010479815217436
"259","lockdown2020",11803,0.0010427031446066
"260","tech",11714,0.00104154011235607
"261","tamilnadu",11655,0.00103903511981648
"262","stpiindia",11642,0.00103831940766231
"263","live",11614,0.00103724583943105
"264","openamericanow",11606,0.00103653012727688
"265","datascience",11594,0.00103563548708417
"266","healthcareheroes",11586,0.00103053603798571
"267","syria",11576,0.00102955193377372
"268","naobamagate",11519,0.00102311052438619
"269","chinaliedpeopledied",11508,0.00102284213232838
"270","naglee",11436,0.00102087392390441
"271","saveprisonersgrantparolena",11433,0.00101944249959607
"272","naminneapolisriot",11411,0.00101273269815073
"273","europe",11395,0.00100629128876319
"274","covidiotsna",11320,0.00100342844014651
"275","chennai",11248,0.000999223631240764
"276","wearethepeople",11216,0.000991798117641249
"277","tablighijamaat",11169,0.000991708653621978
"278","wakeupamerica",11086,0.00099045615735218
"279","lockdownlockdown",11085,0.000985982956388617
"280","nepal",11071,0.000984283140022463
"281","backto60",11021,0.000983209571791207
"282","hiv",11002,0.000982136003559952
"283","spain",10990,0.000979988867097442
"284","mentalhealthawarenessweek",10978,0.000979541547001085
"285","madagascar",10954,0.000979183690924001
"286","ontario",10949,0.000978915298866187
"287","usnscomfortusnavy",10945,0.000973189601632826
"288","heelsupharris",10942,0.000970505681054688
"289","nitwitwuhancoronavirus",10878,0.00096782176047655
"290","nastayalert",10848,0.000965316767936954
"291","lockdownindia",10818,0.000961022495011934
"292","magana",10790,0.000955386261797844
"293","nahongkong",10742,0.000952612877200435
"294","gop",10679,0.000949123780448855
"295","nature",10648,0.000948139676236871
"296","naanonymous",10609,0.0009480502122176
"297","innovation",10598,0.000944740043504563
"298","sarscov2sarscov2",10597,0.000942950763119138
"299","mondaymotivation",10560,0.000940445770579543
"300","greatawakening",10540,0.000936509353731607
"301","eid",10512,0.000931946688748772
"302","staysafena",10468,0.000929531160228448
"303","onevoice1na",10417,0.000929531160228448
"304","deepstate",10390,0.000928010271900837
"305","reopenamerica",10390,0.000927920807881565
"306","lockdown3",10373,0.000922821358783103
"307","stopthespread",10372,0.000922731894763832
"308","bbc",10315,0.000919153333992981
"309","sarscov2na",10314,0.000918258693800269
"310","nurses",10274,0.000915574773222131
"311","endthelockdown",10264,0.000912980316663264
"312","eidulfitr",10234,0.000912890852643993
"313","science",10205,0.000908149259622616
"314","familiesfirstna",10204,0.00090421284277468
"315","defendpressfreedomna",10151,0.000902870882485611
"316","nausnscomfort",10107,0.000896876793194436
"317","wwg1wgana",10092,0.000896518937117351
"318","weareinthistogether",10025,0.000893208768404314
"319","stayathomesavelives",10021,0.000891687880076703
"320","janasevabyjanasenana",9984,0.000891419488018889
"321","podcast",9967,0.000880415413648523
"322","washyourhands",9964,0.000879162917378726
"323","vote",9841,0.000876478996800588
"324","leadership",9827,0.000876478996800588
"325","cancer",9797,0.000875673820627146
"326","stayathomestayathome",9797,0.000875494892588604
"327","beatthevirusna",9788,0.000873974004260992
"328","biden2020",9786,0.000872005795837024
"329","nakillercuomo",9769,0.000869321875258886
"330","texas",9747,0.000868964019181801
"331","research",9717,0.00086744313085419
"332","data",9713,0.000866280098603664
"333","breakingnews",9696,0.000865832778507307
"334","trumpownseverydeathna",9683,0.000864580282237509
"335","handwashing",9678,0.000864043498121882
"336","trumpresignnowna",9664,0.000860912257447388
"337","helpfultipstobeatcoronahelpfultipstobeatcorona",9658,0.000860286009312489
"338","bitcoin",9623,0.000857781016772893
"339","socialdistancingna",9616,0.000851250143366091
"340","kerala",9588,0.000849371398961394
"341","mayday",9515,0.000849013542884309
"342","wearamask",9494,0.000848566222787953
"343","contacttracing",9490,0.000847492654556698
"344","ahmedabad",9485,0.000846508550344714
"345","uganda",9473,0.000846419086325443
"346","qarmy",9462,0.000844271949862932
"347","healthy",9461,0.000841051245169167
"348","vaccinesna",9437,0.000833625731569652
"349","migrants",9401,0.00083353626755038
"350","nih",9318,0.00083138913108787
"351","telangana",9317,0.000831210203049327
"352","water",9293,0.0008306734189337
"353","naqanon",9291,0.000827094858162849
"354","trumpliespeopledie",9285,0.000826826466105035
"355","ahmaudarbery",9245,0.000824947721700339
"356","retweet",9242,0.00081868524035135
"357","travel",9221,0.000816180247811755
"358","100daysofcode",9151,0.000816090783792484
"359","cashappwisdom",9123,0.000814212039387787
"360","freedom",9122,0.000813317399195074
"361","cuba",9101,0.000812512223021633
"362","coronariskinjailna",9091,0.000810722942636208
"363","pmqsna",9082,0.000810722942636208
"364","climateaction",9062,0.000809738838424224
"365","onpolina",9062,0.000806160277653373
"366","donaldtrump",9051,0.000804192069229405
"367","realdonaldtrump",9011,0.000804192069229405
"368","stayalertstayalert",8989,0.000803297429036693
"369","theresistance",8989,0.00080311850099815
"370","stayathomena",8979,0.000801776540709081
"371","media",8977,0.000801329220612725
"372","masks4all",8962,0.000798466371996044
"373","food",8957,0.000794351027109566
"374","nafoxnews",8925,0.000793456386916853
"375","gravitasgravitas",8879,0.000790861930357987
"376","children",8869,0.000790683002319444
"377","indiafightscovid19",8840,0.000790325146242359
"378","trumpliesamericansdie",8838,0.000790235682223088
"379","trump2020na",8834,0.000786746585471508
"380","metoo",8833,0.000786567657432966
"381","startups",8794,0.000780305176083977
"382","आशारामजीआश्रमोंद्वाराकोरोनासेवाna",8792,0.000779499999910536
"383","fintech",8722,0.00077905267981418
"384","smoking",8713,0.000776547687274584
"385","covid19sa",8708,0.00077270073444592
"386","ohio",8680,0.000771000918079766
"387","twgrp",8637,0.000768943245636527
"388","medtwitter",8618,0.00076849592554017
"389","georgia",8595,0.000767690749366729
"390","ireland",8590,0.000767243429270373
"391","herdimmunity",8581,0.000765901468981304
"392","bangladesh",8576,0.000765543612904219
"393","music",8561,0.000763664868499522
"394","test",8557,0.000762949156345352
"395","exposecbsna",8536,0.00076214398017191
"396","givingtuesdaynow",8528,0.000758207563323975
"397","internationalnursesdayna",8519,0.000756597210977092
"398","inittogether",8475,0.00075078204972446
"399","928days",8457,0.000750692585705189
"400","handhygiene",8392,0.000750603121685917
"401","pressfreedom",8391,0.000746666704837982
"402","crucial",8390,0.000743356536124945
"403","migrantlabourers",8346,0.00074299868004786
"404","normalbaharuawaninews",8309,0.000740941007604621
"405","hkpolice",8305,0.000740314759469722
"406","sweden",8282,0.00073950958329628
"407","testing",8275,0.000737004590756685
"408","tuesdaythoughts",8266,0.000735483702429073
"409","keepthelockdownna",8238,0.000733962814101462
"410","natakeresponsibility",8221,0.000732889245870207
"411","ripamericana",8204,0.000731099965484781
"412","kitateguhkitamenang",8192,0.000730831573426968
"413","sundaythoughts",8172,0.000730205325292069
"414","aarogyasetu",8169,0.000728505508925915
"415","economic",8162,0.000727789796771745
"416","globalresponse",8143,0.000727431940694659
"417","doctors",8135,0.000726447836482676
"418","venezuela",8131,0.000725195340212878
"419","seanreedseanreed",8120,0.000723584987865995
"420","copd",8106,0.000722958739731096
"421","flu",8088,0.000718664466806075
"422","freeourpeople",8081,0.000718575002786804
"423","nizamuddin",8033,0.000718217146709719
"424","openeconomynowna",8032,0.000717054114459193
"425","buildbackbetter",8028,0.000716606794362836
"426","q",8015,0.00071615947426648
"427","rajasthan",8010,0.00071544376211231
"428","thankyou",8005,0.00071472804995814
"429","un",7997,0.000714638585938868
"430","riots2020",7989,0.000712044129380002
"431","uae",7988,0.000711865201341459
"432","stpipulse",7959,0.000709539136840406
"433","hk",7957,0.000708555032628422
"434","hapuscovid19awaninews",7931,0.00070694468028154
"435","thursdaythoughtsna",7920,0.000705960576069556
"436","london",7902,0.000704350223722673
"437","keralamodel",7891,0.000703992367645588
"438","artificialintelligence",7873,0.000703992367645588
"439","healthyathome",7869,0.000703813439607045
"440","thailand",7869,0.000703187191472146
"441","wtpteam",7867,0.000702650407356519
"442","spygate",7860,0.00070059273491328
"443","digital",7854,0.000699787558739838
"444","banknirbharbharat",7831,0.000699250774624211
"445","charity",7822,0.000697819350315871
"446","voteblue2020",7816,0.000697550958258057
"447","namagats",7800,0.000695761677872632
"448","trumpdeathtoll100k",7797,0.000694061861506477
"449","ccpna",7777,0.000693972397487206
"450","blockchain",7758,0.000693167221313765
"451","covid19phna",7757,0.000692004189063238
"452","magufuli",7748,0.000690393836716356
"453","racism",7735,0.000689946516619999
"454","longtermcare",7717,0.000688425628292388
"455","factsmatter",7712,0.000687620452118946
"456","africaday",7695,0.000686725811926234
"457","scamdemic",7686,0.00068645741986842
"458","covid19canada",7676,0.0006815368988085
"459","facemasks",7673,0.000680194938519431
"460","openamericanowna",7618,0.000678316194114735
"461","climatecrisis",7603,0.000678137266076192
"462","fridayfeeling",7582,0.000675274417459512
"463","fridaythoughts",7580,0.000675095489420969
"464","bcpoli",7548,0.000674648169324613
"465","eb147",7546,0.000673932457170443
"466","lockdownireland",7541,0.000673485137074086
"467","liquorshops",7533,0.000673216745016273
"468","biden",7528,0.000672590496881374
"469","islamophobiainindia",7525,0.000671874784727204
"470","dominiccummingsdominiccummings",7518,0.000671874784727204
"471","plandemicna",7510,0.000671785320707932
"472","sehun",7510,0.000670980144534491
"473","sundaymorning",7509,0.000670622288457406
"474","sehunwithdrjart",7500,0.000669011936110523
"475","7newsna",7496,0.000669011936110523
"476","fabernovel",7478,0.000667848903859997
"477","stephanedistinguin",7478,0.000667580511802183
"478","nastayathome",7465,0.000666954263667284
"479","unemployment",7462,0.000665164983281859
"480","obama",7455,0.00066453873514696
"481","somalia",7435,0.000661407494472466
"482","maga2020",7428,0.000659976070164125
"483","tweetfortaiwan",7393,0.000658097325759429
"484","worldhealthorganization",7377,0.000655860725277647
"485","kenya",7356,0.000654518764988578
"486","vietnam",7331,0.000654518764988578
"487","thegreatawakening",7316,0.000653713588815137
"488","youtube",7316,0.000652818948622424
"489","naindia",7307,0.000652192700487525
"490","putsouthafricansfirst",7297,0.000650492884121371
"491","encourageesther",7290,0.000649866635986472
"492","salvemaamazôniana",7271,0.000649777171967201
"493","yulin",7264,0.000648882531774488
"494","cnnsotu",7263,0.000647451107466148
"495","politics",7253,0.000645303971003638
"496","javascript",7237,0.000645035578945824
"497","tibet",7213,0.0006426200504255
"498","qanon2018",7210,0.000641457018174973
"499","gojoe",7183,0.000641457018174973
"500","pkp",7170,0.000640920234059346
"501","rahulgandhivoiceofindiana",7170,0.000640293985924447
"502","natomorrowspaperstoday",7164,0.00063841524151975
"503","odishafightscorona",7157,0.000636625961134325
"504","firefauci",7136,0.000636447033095782
"505","voteblue",7116,0.0006348366807489
"506","wellbeing",7114,0.000633852576536916
"507","msm",7096,0.000632957936344203
"508","coronavirusinindia",7085,0.000632868472324932
"509","government",7075,0.000629826695669709
"510","fakenewsna",7074,0.000626516526956672
"511","win",7040,0.000625442958725417
"512","inthistogetherna",7003,0.000624548318532704
"513","organizena",6991,0.000623116894224364
"514","karnataka",6981,0.000622759038147279
"515","boris",6965,0.000619538333453513
"516","bantiktokna",6961,0.000618912085318614
"517","testtraceisolate",6925,0.000618643693260801
"518","mco",6918,0.000616228164740476
"519","inconversationwithrahulgandhina",6915,0.000614081028277966
"520","boycottmadeinchina",6888,0.000613723172200881
"521","nacdnpoli",6864,0.000613365316123796
"522","python",6860,0.000613096924065982
"523","borishasfailed",6856,0.000611933891815456
"524","modi",6853,0.000611039251622743
"525","nafactsarefriendly",6840,0.000610502467507116
"526","taiwanmodel",6830,0.000610323539468573
"527","workfromhome",6824,0.000610055147410759
"528","sdgs",6822,0.000609339435256589
"529","helpfultipstobeatcoronana",6819,0.000608086938986791
"530","trumpdeathsentencena",6811,0.000607371226832621
"531","trumpdepression",6797,0.000606923906736265
"532","speakupindiana",6789,0.000606297658601366
"533","slaughter",6784,0.000605045162331568
"534","taiwancanhelp",6777,0.000603882130081042
"535","cnntownhallna",6763,0.000602898025869058
"536","confinement",6750,0.000602540169791973
"537","nationalnursesday",6739,0.000601734993618531
"538","diabetes",6735,0.000601734993618531
"539","follow",6726,0.000601198209502904
"540","toronto",6726,0.000597619648732053
"541","police",6720,0.000597619648732053
"542","newnormal",6680,0.000597530184712782
"543","uyghur",6680,0.000596546080500798
"544","indiasalutescoronawarriors",6679,0.000594398944038288
"545","reopenamericana",6668,0.000594309480019017
"546","ghana",6644,0.000593414839826304
"547","sindhgovt",6643,0.000592878055710676
"548","torkham",6633,0.000590462527190352
"549","dominiccummingsna",6627,0.000590373063171081
"550","coronavirusindia",6600,0.000590015207093996
"551","community",6599,0.000590015207093996
"552","freeassange",6595,0.000589657351016911
"553","rt",6595,0.000589031102882012
"554","potus",6591,0.000588673246804927
"555","politicsna",6584,0.000588494318766384
"556","fightforfreedom",6580,0.000585989326226789
"557","carehomes",6578,0.000585542006130432
"558","naauspol",6550,0.000579100596742901
"559","staythankstochallenge",6545,0.000578653276646545
"560","ourmartyrsourheroestorkham",6473,0.000578563812627274
"561","trumphasnoplan",6468,0.000578384884588731
"562","indiana",6467,0.000578384884588731
"563","americans",6465,0.00057686399626112
"564","meerfoundation",6465,0.000575074715875694
"565","afghanistan",6448,0.000574627395779338
"566","eidmubarakna",6428,0.000574269539702253
"567","lockdown3indiafightscorona",6423,0.000573553827548083
"568","trumphatesthemilitary",6419,0.00057337489950954
"569","napoliceweek",6411,0.00057265918735537
"570","promotestudentssavefuturena",6409,0.000571317227066301
"571","komunikasikita",6401,0.000571048835008487
"572","covidsafe",6386,0.000570690978931402
"573","saturdaymorning",6383,0.000570333122854317
"574","rstats",6379,0.000568901698545977
"575","todayonly",6375,0.000568454378449621
"576","rwanda",6359,0.000567112418160552
"577","democrat",6354,0.000567022954141281
"578","hydroxycloroquine",6339,0.000566396706006382
"579","alterph",6338,0.000566128313948568
"580","corruption",6331,0.000565680993852212
"581","zeenewssealkaro",6328,0.000565323137775126
"582","ehsaasemergencycash",6323,0.000564786353659499
"583","healthworkers",6319,0.000564607425620956
"584","covid19insa",6313,0.000563265465331887
"585","linux",6311,0.000562370825139175
"586","huawei",6296,0.000561834041023547
"587","women",6286,0.000561386720927191
"588","rabies",6280,0.000560223688676664
"589","qanons",6275,0.000559418512503223
"590","trump2020nowmorethanever",6262,0.000557897624175611
"591","privacy",6253,0.000556108343790186
"592","assange",6236,0.000556108343790186
"593","ccpccp",6216,0.000555034775558931
"594","cummingsna",6216,0.000554497991443303
"595","standwithhongkonghongkong",6204,0.000553424423212048
"596","video",6198,0.000553334959192777
"597","coronahoax",6186,0.000550829966653181
"598","coronavirususa",6185,0.000550829966653181
"599","pmqs",6157,0.000550561574595368
"600","trumppressconf",6157,0.000550203718518283
"601","lvpd",6154,0.000549845862441198
"602","overreachlockdown",6150,0.000548324974113586
"603","covid19lagos",6146,0.000547609261959416
"604","qatar",6129,0.000547519797940145
"605","jobs",6121,0.000547519797940145
"606","exo",6120,0.000545372661477634
"607","money",6120,0.000545193733439092
"608","trumpgatena",6096,0.000544030701188565
"609","dementia",6094,0.000542330884822411
"610","frontlineheroes",6081,0.000541704636687512
"611","ml",6062,0.000539736428263544
"612","mepolitics",6055,0.000539646964244273
"613","animals",6033,0.000539378572186459
"614","lockdown4na",6032,0.000539378572186459
"615","noida",6029,0.000538752324051561
"616","thursdaythoughts",6029,0.00053803661189739
"617","wednesdaywisdom",6022,0.000537947147878119
"618","trumpmeltdown",6014,0.000536873579646864
"619","keyworkers",6013,0.00053660518758905
"620","smallbusiness",6001,0.000536515723569779
"621","aviation",5998,0.000535442155338524
"622","eidalfitr",5997,0.000535352691319253
"623","andhrapradesh",5985,0.000534189659068726
"624","pune",5984,0.00053374233897237
"625","transport",5971,0.000530611098297875
"626","rrrmovie",5966,0.000527479857623381
"627","punjab",5931,0.00052739039360411
"628","hydroxychloroquinehydroxychloroquine",5896,0.000527122001546296
"629","patriots",5895,0.00052667468144994
"630","assam",5892,0.000526227361353583
"631","alterpinoy",5887,0.000525332721160871
"632","free",5882,0.000524527544987429
"633","coronapandemic",5872,0.000523453976756174
"634","trumpna",5863,0.000523096120679089
"635","coronavirussa",5851,0.000520412200100951
"636","sars",5847,0.000519338631869696
"637","happybithdayntr",5817,0.000518801847754068
"638","britishairways",5805,0.000518533455696255
"639","americastrong",5799,0.000518265063638441
"640","crypto",5796,0.000518265063638441
"641","climate",5793,0.000517370423445728
"642","digitaltransformation",5793,0.000517280959426457
"643","openamericana",5783,0.000515223286983218
"644","westbengal",5782,0.000515133822963947
"645","bbcbreakfast",5759,0.000515133822963947
"646","pti",5758,0.00051397079071342
"647","trumpgolfsyoudiena",5758,0.000513702398655606
"648","r4todayna",5745,0.000513434006597793
"649","ridgena",5742,0.000513434006597793
"650","lockdownextention",5739,0.00051325507855925
"651","temperhappybithdayntr",5739,0.000512449902385809
"652","afp",5737,0.000512449902385809
"653","nationalsecuritylegislation",5728,0.000512270974347266
"654","perintahkawalanpergerakan",5728,0.000510123837884756
"655","sfcwelfareworks",5726,0.000509229197692043
"656","sackcummings",5702,0.000508513485537873
"657","europeday",5692,0.000506545277113905
"658","innerengineeringonlineinnerengineeringonline",5684,0.00050618742103682
"659","trumpgenocide",5662,0.000506097957017549
"660","congress",5658,0.000504487604670666
"661","maharashtrabachaona",5657,0.000504219212612852
"662","classof2020na",5639,0.000504129748593581
"663","lockdownsa",5636,0.000503682428497225
"664","bbcqt",5635,0.000503592964477953
"665","new",5630,0.000503414036439411
"666","덕분에챌린지na",5629,0.000503235108400868
"667","wearethenewsnow",5627,0.000502698324285241
"668","newsnight",5625,0.000501177435957629
"669","tourism",5619,0.000499388155572204
"670","deepstatecabal",5602,0.000499298691552933
"671","gapol",5582,0.00049911976351439
"672","essentialworkers",5581,0.000498672443418034
"673","impeachmentimpeachment",5579,0.000497062091071151
"674","nooneleftbehind",5574,0.000496435842936252
"675","joebiden",5556,0.000496256914897709
"676","sundayvibes",5549,0.000495988522839896
"677","indonesia",5547,0.000495899058820624
"678","covid19aus",5544,0.000495093882647183
"679","hydroxychloroquinena",5543,0.000493751922358114
"680","dominiccummngs",5534,0.000493394066281029
"681","gapolna",5519,0.000493394066281029
"682","bollywood",5515,0.000493304602261758
"683","futureofwork",5515,0.000492946746184673
"684","bigpharma",5514,0.000491425857857061
"685","co2",5510,0.000491425857857061
"686","9newsna",5493,0.000491068001779976
"687","caresact",5493,0.000489010329336737
"688","bastopthinkagain",5489,0.000488920865317466
"689","peoplesvaccine",5466,0.000488294617182567
"690","endtheshutdown",5465,0.000487757833066939
"691","lockdownhustle",5458,0.000486773728854955
"692","sitroomna",5452,0.000486326408758599
"693","sick",5441,0.000486326408758599
"694","mediabuzz",5436,0.000485789624642971
"695","qanon2020",5436,0.000485610696604429
"696","hospital",5430,0.000484805520430988
"697","veday75",5428,0.000484537128373174
"698","nhsheroes",5419,0.00048283731200702
"699","scotland",5416,0.00048283731200702
"700","kitateguhkitamenangperintahkawalanpergerakan",5397,0.000482479455929935
"701","prihatinrakyat",5397,0.000482300527891392
"702","uklockdown",5393,0.000481226959660137
"703","bame",5391,0.000479884999371068
"704","agenda21",5379,0.000479258751236169
"705","iranian",5364,0.000479169287216898
"706","buharidoppelgänger",5357,0.000479079823197627
"707","ablegna",5356,0.000479079823197627
"708","fridaymorning",5355,0.000478990359178355
"709","gay",5355,0.000477111614773659
"710","labourday",5354,0.000476306438600217
"711","trumppressconference",5333,0.000475948582523132
"712","greece",5324,0.000475411798407505
"713","mayday2020",5320,0.000475411798407505
"714","kantot",5314,0.000475232870368962
"715","truth",5314,0.000474785550272606
"716","palestinena",5312,0.000474159302137707
"717","rohingya",5307,0.000473890910079893
"718","trumpgolfsyoudie",5300,0.000473711982041351
"719","savelives",5297,0.000473622518022079
"720","veterans",5295,0.000473533054002808
"721","hongkongprotestsna",5294,0.000473354125964266
"722","togetherwecan",5293,0.000472906805867909
"723","motivation",5291,0.000472012165675197
"724","wipeitdownchallenge",5286,0.00047084913342467
"725","tiktok",5276,0.000470222885289771
"726","openamerica",5263,0.000469686101174144
"727","twitter",5256,0.00046870199696216
"728","southafrica",5250,0.000468433604904346
"729","patriotpay",5239,0.000468344140885075
"730","11thhour",5236,0.000468254676865803
"731","sabcnewsna",5235,0.000468075748827261
"732","ltc",5234,0.000468075748827261
"733","analytics",5232,0.000467628428730905
"734","gautengcovid19",5232,0.000466644324518921
"735","bts",5227,0.000466018076384022
"736","drfauci",5216,0.00046449718805641
"737","staysafestayhome",5209,0.000464049867960054
"738","lockdownend",5192,0.000462886835709527
"739","peoplearedyinginsilivrijails",5187,0.000462528979632442
"740","wfh",5174,0.000462439515613171
"741","votebymail",5170,0.000462260587574629
"742","environment",5169,0.000462260587574629
"743","btc",5167,0.000461992195516815
"744","election2020",5167,0.000461902731497544
"745","banknirbharbharatna",5164,0.000460023987092847
"746","covid19sl",5163,0.000459308274938677
"747","cycloneamphan",5142,0.000458860954842321
"748","covid19ph",5134,0.000458860954842321
"749","nacovid19uk",5129,0.000458324170726693
"750","sayyes2precautions",5129,0.000458055778668879
"751","6yearsindiaintearsna",5123,0.000457787386611065
"752","humanfraternity",5120,0.000456087570244911
"753","harkaamdeshkenaam",5117,0.000453761505743858
"754","dailybriefing",5098,0.000453582577705316
"755","marketing",5072,0.000453403649666773
"756","nablacklivesmatter",5070,0.000451972225358433
"757","backtoschool",5068,0.000451972225358433
"758","chicago",5052,0.000451793297319891
"759","wpfd2020",5052,0.000450540801050093
"760","southkorea",5050,0.000450182944973008
"761","cyrilramaphosa",5036,0.000449914552915194
"762","s386",5032,0.000449914552915194
"763","level3",5029,0.000449735624876651
"764","poorvikamobiles",5029,0.000449735624876651
"765","borisspeech",5027,0.000449467232818838
"766","gravitas",5027,0.000449467232818838
"767","crisis",5024,0.000449198840761024
"768","helptheneedyhelptheneedy",5024,0.000448662056645396
"769","pa",5021,0.000447051704298514
"770","refugees",5015,0.000446872776259971
"771","realitywinner",4997,0.000446425456163615
"772","coronavirusliar",4995,0.000446335992144343
"773","dominiccummimgs",4990,0.000445441351951631
"774","insiders",4989,0.000445172959893817
"775","minneapolis",4979,0.000444994031855274
"776","covid19malaysiana",4976,0.000444278319701104
"777","trumpvirusna",4974,0.000444278319701104
"778","indian",4966,0.000443115287450578
"779","sassa",4966,0.000442846895392764
"780","verified",4953,0.000442846895392764
"781","coronawarriorsna",4950,0.00044257850333495
"782","security",4950,0.00044186279118078
"783","justiceforelliena",4947,0.00044114707902661
"784","sage",4939,0.000439984046776084
"785","illinois",4931,0.000439984046776084
"786","boycottchina",4918,0.00043971565471827
"787","kag2020na",4918,0.000439268334621913
"788","softwareinaweekhardwareinayear",4915,0.000438642086487015
"789","isolation",4910,0.000438105302371387
"790","ppena",4903,0.000437479054236488
"791","natxlege",4897,0.000437210662178674
"792","wtpteamna",4890,0.000437031734140132
"793","softwareinaweekhardwareinayearboycottmadeinchina",4887,0.000436852806101589
"794","safety",4885,0.000436852806101589
"795","malaysia",4883,0.000434437277581265
"796","trumpdeathtoll81k",4883,0.000433989957484909
"797","natrumpdeathtoll95k",4856,0.00043336370935001
"798","socialmedia",4851,0.000433095317292196
"799","nuclear",4844,0.000432200677099483
"800","coronaupdatesinindia",4841,0.000430769252791143
"801","updateupdate",4831,0.000430769252791143
"802","healthcareworkers",4815,0.000430500860733329
"803","reopening",4815,0.000430500860733329
"804","imperative",4812,0.000430411396714058
"805","opensafelyna",4812,0.000429874612598431
"806","potusna",4811,0.000428890508386447
"807","haiti",4805,0.000428085332213005
"808","trumpdeathtoll82kna",4794,0.000427906404174463
"809","cuomo",4785,0.000427816940155191
"810","chinaliedandpeopledied",4783,0.000427548548097378
"811","grantparoletosecureprisonersna",4782,0.000427548548097378
"812","covidwarriors",4779,0.000427101228001021
"813","quedateencasa",4779,0.000425938195750495
"814","hyderabad",4774,0.00042558033967341
"815","sex",4761,0.000425222483596325
"816","nairan",4757,0.000424327843403612
"817","pelosi",4753,0.00042414891536507
"818","nbsupdates",4743,0.000423969987326527
"819","naresistthenewworldorder",4741,0.000423791059287984
"820","healthtech",4739,0.000423522667230171
"821","solidarity",4737,0.000423522667230171
"822","natrump",4734,0.000422806955076001
"823","newnew",4734,0.000422449098998915
"824","thefivena",4726,0.000422449098998915
"825","constitutionovercoronavirus",4722,0.000422359634979644
"826","jpm",4722,0.000422359634979644
"827","antielab",4721,0.000421286066748389
"828","unsanitary",4721,0.000421196602729118
"829","coronaviruscrisis",4709,0.000421196602729118
"830","jabatanperdanamenteri",4708,0.000421196602729118
"831","programming",4708,0.000420838746652033
"832","unitedstates",4708,0.000418691610189522
"833","asia",4704,0.00041851268215098
"834","abpoli",4680,0.000416723401765555
"835","justiceforellie",4678,0.000416276081669198
"836","inthepoopsarscov2",4658,0.000415918225592113
"837","dlaminizuma",4653,0.000415918225592113
"838","bjp",4649,0.000415828761572842
"839","lies",4649,0.000415470905495757
"840","nationaldayofprayernationaldayofprayer",4648,0.000415470905495757
"841","bekind",4644,0.000414665729322315
"842","shutdown",4644,0.000414128945206688
"843","reactjs",4635,0.000413681625110331
"844","muslim",4629,0.000413502697071789
"845","family",4624,0.000413144840994704
"846","trumpdepressionna",4622,0.000413055376975433
"847","level3lockdown",4618,0.000412786984917619
"848","frontlineworkers",4617,0.000412697520898348
"849","level1",4614,0.000412518592859805
"850","bsf",4613,0.000410639848455108
"851","mek",4611,0.000410371456397295
"852","protests2020",4590,0.000410103064339481
"853","nursinghomes",4587,0.000410103064339481
"854","indianarmedforces",4584,0.00040929788816604
"855","saturdaymotivation",4584,0.000408850568069683
"856","tuesdayvibes",4575,0.000408761104050412
"857","modagainstcorona",4570,0.000408403247973327
"858","lgbtq",4569,0.000407955927876971
"859","cloudcomputing",4565,0.000407866463857699
"860","bantiktokinindia",4560,0.000407419143761343
"861","scummedia",4559,0.000407150751703529
"862","immunity",4554,0.000406971823664987
"863","trumpliesamericansdiena",4551,0.000406792895626444
"864","namaga",4549,0.000406613967587902
"865","egypt",4547,0.000405898255433731
"866","springstna",4545,0.00040509307926029
"867","kawasakidisease",4537,0.00040509307926029
"868","amazon",4528,0.000404645759163934
"869","navajonation",4528,0.000404287903086849
"870","onlyfans",4523,0.000404019511029035
"871","banned",4519,0.000403840582990492
"872","icu",4516,0.000403214334855593
"873","vodacomnxtlvl",4514,0.000402498622701423
"874","chinamustpay",4507,0.000402409158682152
"875","gates",4499,0.000402319694662881
"876","wpfd20na",4498,0.000402319694662881
"877","obamagreat",4497,0.000401961838585796
"878","trumpgate",4497,0.000401782910547253
"879","covid19ontario",4493,0.000401603982508711
"880","vegan",4491,0.000401335590450897
"881","factcheck",4489,0.000401156662412354
"882","press",4486,0.000400977734373812
"883","day57oflockdownna",4484,0.000400530414277455
"884","tyranny",4482,0.000399904166142557
"885","reopenamericanow",4477,0.000399814702123285
"886","naexposecbs",4470,0.000399546310065472
"887","lockdowns",4469,0.000399367382026929
"888","dailybriefingna",4466,0.000399098989969115
"889","breonnataylor",4464,0.000399098989969115
"890","autism",4461,0.000398920061930573
"891","mexico",4461,0.000398651669872759
"892","coding",4459,0.000398562205853488
"893","nasmartnews",4456,0.000397399173602961
"894","trump2020landslide",4455,0.000396951853506605
"895","notoabscbnshutdown",4442,0.00039659399742952
"896","radiobiafrabuharidoppelgänger",4437,0.000396504533410249
"897","leads",4433,0.000396057213313892
"898","r4today",4432,0.000395967749294621
"899","belgium",4427,0.000395609893217536
"900","kayburleyna",4426,0.000395520429198265
"901","staysafeug",4422,0.000394804717044094
"902","blog",4421,0.000393999540870653
"903","wethepeoplehavehadenough",4413,0.000393999540870653
"904","janaseva",4404,0.000393552220774297
"905","singapore",4404,0.000393015436658669
"906","vandebharatmission",4399,0.000392925972639398
"907","freeleahsharibu",4393,0.000392478652543042
"908","misinformation",4392,0.000392120796465957
"909","obamagateobamagate",4387,0.000392031332446685
"910","wuhanvirusna",4383,0.000392031332446685
"911","arizona",4382,0.000391405084311786
"912","moscowmitch",4382,0.000390778836176888
"913","stocks",4375,0.000390599908138345
"914","policestate",4368,0.00039024205206126
"915","schoolsreopening",4366,0.000390152588041989
"916","strongertogetherna",4362,0.00038952633990709
"917","fda",4361,0.000389436875887819
"918","coronavirusliarna",4354,0.000389079019810733
"919","skeemsaam",4353,0.000388900091772191
"920","coronalockdown",4349,0.000388900091772191
"921","indiabulls",4347,0.00038881062775292
"922","voterfraud",4347,0.000388005451579478
"923","coronainpakistan",4346,0.000387737059521665
"924","anxiety",4337,0.000387647595502393
"925","books",4334,0.000387468667463851
"926","internationalworkersday",4333,0.000387379203444579
"927","makechinapay",4331,0.000387289739425308
"928","carrielam",4330,0.000387289739425308
"929","protectourseniorsna",4329,0.000387110811386766
"930","world",4329,0.000386931883348223
"931","findqiushina",4327,0.000386484563251867
"932","mentalhealthawarenessweekna",4325,0.000386395099232596
"933","madrugz",4320,0.000386126707174782
"934","nadominiccummings",4319,0.000384784746885713
"935","kindness",4316,0.000384516354827899
"936","amphan",4301,0.000384337426789356
"937","trumppandemicna",4298,0.000382727074442474
"938","gmb",4296,0.000382727074442474
"939","competition",4278,0.000382637610423202
"940","stayhealthy",4278,0.000381564042191947
"941","1u",4277,0.000381385114153405
"942","democratshateamerica",4265,0.000381295650134133
"943","polls",4263,0.000381116722095591
"944","veday",4262,0.000380401009941421
"945","mptetjoiningmptetjoining",4260,0.000380311545922149
"946","hkna",4252,0.000380222081902878
"947","testandtrace",4251,0.000379953689845064
"948","islamophobiainindiana",4250,0.000379953689845064
"949","covidview",4247,0.000379864225825793
"950","hope",4247,0.000379595833767979
"951","thezoocallednigeria",4246,0.000379327441710166
"952","photography",4243,0.00037825387347891
"953","cashappblessing",4240,0.000378164409459639
"954","npc",4228,0.000377985481421097
"955","medicareforall",4227,0.00037753816132474
"956","foodsecurity",4225,0.000377180305247655
"957","alterworld",4220,0.000377090841228384
"958","tomorrowspaperstodayna",4216,0.000377001377209113
"959","berlin",4215,0.000376464593093485
"960","shahrukhkhan",4214,0.000376285665054943
"961","sindh",4208,0.000376196201035671
"962","deconfinement",4206,0.0003761067370164
"963","knowthefacts",4205,0.000375569952900772
"964","circuitbreaker",4204,0.000375569952900772
"965","online",4198,0.000375480488881501
"966","protest",4198,0.000375480488881501
"967","demcast",4197,0.00037539102486223
"968","remotework",4197,0.00037539102486223
"969","nacummings",4196,0.000375301560842959
"970","physicaldistancingna",4196,0.000375301560842959
"971","clapforcarers",4195,0.000375212096823687
"972","staysafestayhealthystaysafestayhealthy",4195,0.000374585848688788
"973","investing",4194,0.000374496384669517
"974","cuomogate",4187,0.000374406920650246
"975","msnbc",4186,0.00037395960055389
"976","silivridei̇nsanlarölüyor",4185,0.000373870136534618
"977","blackpink",4180,0.000373870136534618
"978","inthistogetherohio",4179,0.000373601744476805
"979","trumpdeathtoll95kna",4179,0.000373064960361177
"980","robotics",4176,0.000373064960361177
"981","markets",4170,0.000372886032322634
"982","trumpsjealousofobamana",4170,0.000372707104284092
"983","id2020",4168,0.000371901928110651
"984","exclusive",4166,0.000371723000072108
"985","disability",4157,0.000371454608014294
"986","c4newsc4news",4155,0.00037118621595648
"987","altermnl",4152,0.000370381039783039
"988","salmankhan",4149,0.000370202111744496
"989","peace",4140,0.000370112647725225
"990","houston",4138,0.000369575863609598
"991","islam",4137,0.000369486399590326
"992","nationaldayofprayer",4131,0.000369128543513241
"993","pharmacists",4130,0.000369128543513241
"994","democracyforhkna",4126,0.000369128543513241
"995","flushot",4126,0.000368681223416885
"996","nacovid1948",4126,0.000368412831359071
"997","johnson",4121,0.000367876047243444
"998","covid19ireland",4118,0.000367786583224172
"999","helptheneedyna",4112,0.000365614244726312
"1000","schools",4111,0.000365427382358923
